{"0": {"train_loss": 0.6283826229628175, "f1": 0.7401720938079972, "precision": 0.6796281951975213, "recall": 0.8125578810890906}, "1": {"train_loss": 0.536098420387134, "f1": 0.7711398688175857, "precision": 0.7394186639469659, "recall": 0.8057047601407669}, "2": {"train_loss": 0.49286402971483767, "f1": 0.7788428023701639, "precision": 0.7353957544841204, "recall": 0.8277458788664568}, "3": {"train_loss": 0.45774567034095526, "f1": 0.7877810624384126, "precision": 0.7628383067314365, "recall": 0.8144100759399889}, "4": {"train_loss": 0.4415407639462501, "f1": 0.7921484269965045, "precision": 0.7674539770753734, "recall": 0.8184849046119652}, "5": {"train_loss": 0.41387575352564454, "f1": 0.7973723168023686, "precision": 0.7966352375670179, "recall": 0.7981107612520837}, "6": {"train_loss": 0.4005419888999313, "f1": 0.8007683863885839, "precision": 0.7910717513103199, "recall": 0.8107056862381923}, "7": {"train_loss": 0.38464898336678743, "f1": 0.8044280442804428, "precision": 0.8013232861606322, "recall": 0.8075569549916651}, "8": {"train_loss": 0.36611645412631333, "f1": 0.8074522926652798, "precision": 0.7889713679745494, "recall": 0.8268197814410075}, "9": {"train_loss": 0.3648348057176918, "f1": 0.810840405146455, "precision": 0.7991007194244605, "recall": 0.8229301722541211}, "10": {"train_loss": 0.35445130919106305, "f1": 0.8132727272727273, "precision": 0.7986073915372255, "recall": 0.828486756806816}, "11": {"train_loss": 0.3367848836351186, "f1": 0.8048437059983102, "precision": 0.8159497525694709, "recall": 0.7940359325801074}, "12": {"train_loss": 0.3302988482173532, "f1": 0.8124941724941724, "precision": 0.8180623357116035, "recall": 0.8070012965363956}, "13": {"train_loss": 0.3200850924476981, "f1": 0.8148755810773859, "precision": 0.8022254127781766, "recall": 0.8279310983515465}, "14": {"train_loss": 0.3202736165840179, "f1": 0.8107750472589792, "precision": 0.8278324647751399, "recall": 0.794406371550287}, "15": {"train_loss": 0.29929324286058545, "f1": 0.817568192325474, "precision": 0.816285081240768, "recall": 0.8188553435821448}, "16": {"train_loss": 0.29507932579144835, "f1": 0.8158744808491001, "precision": 0.8130978660779985, "recall": 0.818670124097055}, "17": {"train_loss": 0.2897592495428398, "f1": 0.8178100018590816, "precision": 0.8208621011382721, "recall": 0.8147805149101686}, "18": {"train_loss": 0.28200936026405543, "f1": 0.8190968695170375, "precision": 0.8167587476979742, "recall": 0.8214484163734025}, "19": {"train_loss": 0.2760609230026603, "f1": 0.8194741243147821, "precision": 0.8221476510067114, "recall": 0.8168179292461567}, "20": {"train_loss": 0.26560348365455866, "f1": 0.821418662720799, "precision": 0.8202807536017732, "recall": 0.8225597332839415}, "21": {"train_loss": 0.2599576119100675, "f1": 0.8230202578268878, "precision": 0.8183482878593664, "recall": 0.8277458788664568}, "22": {"train_loss": 0.2497071576071903, "f1": 0.8194729957017379, "precision": 0.8268904393739392, "recall": 0.8121874421189109}, "23": {"train_loss": 0.24444175802636892, "f1": 0.8133653313642238, "precision": 0.8106715731370745, "recall": 0.8160770513057973}, "24": {"train_loss": 0.23791759263258427, "f1": 0.8084782815321737, "precision": 0.830339711050371, "recall": 0.7877384700870531}, "25": {"train_loss": 0.22964631440117955, "f1": 0.8209984370690447, "precision": 0.8150784958013874, "recall": 0.8270050009260974}, "26": {"train_loss": 0.22297230712138116, "f1": 0.8213406292749659, "precision": 0.8090190441969098, "recall": 0.834043341359511}, "27": {"train_loss": 0.2191249285824597, "f1": 0.8246515040352165, "precision": 0.8167120799273387, "recall": 0.8327468049638822}, "28": {"train_loss": 0.21529243799159303, "f1": 0.8109583882508004, "precision": 0.8246218648286425, "recall": 0.7977403222819041}, "29": {"train_loss": 0.20832080161198974, "f1": 0.8138192143871275, "precision": 0.832171893147503, "recall": 0.7962585664011854}, "30": {"train_loss": 0.2065396085381508, "f1": 0.8149402577853044, "precision": 0.8281070745697897, "recall": 0.80218558992406}, "31": {"train_loss": 0.20129448943771422, "f1": 0.819163037303541, "precision": 0.8378849506101104, "recall": 0.8012594924986108}, "32": {"train_loss": 0.19675084570189938, "f1": 0.8204176334106729, "precision": 0.8221726190476191, "recall": 0.818670124097055}, "33": {"train_loss": 0.19067629339406267, "f1": 0.8160560446842753, "precision": 0.8346243222308288, "recall": 0.7982959807371736}, "34": {"train_loss": 0.18841327651171014, "f1": 0.8210330386226151, "precision": 0.8251028806584362, "recall": 0.8170031487312466}, "35": {"train_loss": 0.18518330523511395, "f1": 0.8174371528104698, "precision": 0.8312906932209881, "recall": 0.8040377847749584}, "36": {"train_loss": 0.17953095660777763, "f1": 0.813174439335648, "precision": 0.8240775960441232, "recall": 0.8025560288942397}, "37": {"train_loss": 0.17833046312443912, "f1": 0.8141875999623672, "precision": 0.8273422562141491, "recall": 0.8014447119837007}, "38": {"train_loss": 0.16778113663895056, "f1": 0.819938392607113, "precision": 0.8264960481746331, "recall": 0.8134839785145397}, "39": {"train_loss": 0.1649092155857943, "f1": 0.815831233081303, "precision": 0.8223560406473467, "recall": 0.8094091498425634}, "40": {"train_loss": 0.1673652358003892, "f1": 0.8147524103716185, "precision": 0.8236184708554126, "recall": 0.8060751991109465}, "41": {"train_loss": 0.16070264572044834, "f1": 0.821554442589501, "precision": 0.8227754040497863, "recall": 0.8203370994628635}, "42": {"train_loss": 0.1631872440339066, "f1": 0.8205080313784087, "precision": 0.8274627990205312, "recall": 0.8136691979996296}, "43": {"train_loss": 0.15546522004297003, "f1": 0.8178889520560925, "precision": 0.8372453928225024, "recall": 0.7994072976477126}, "44": {"train_loss": 0.14858381636440754, "f1": 0.8190672410563776, "precision": 0.8283765864747111, "recall": 0.8099648082978329}, "45": {"train_loss": 0.1537158949067816, "f1": 0.8169494738837805, "precision": 0.8366990291262136, "recall": 0.7981107612520837}, "46": {"train_loss": 0.14647658437024802, "f1": 0.8153374802710983, "precision": 0.8173864482501861, "recall": 0.8132987590294499}, "47": {"train_loss": 0.14434031309792772, "f1": 0.8157220165195102, "precision": 0.8367744448772887, "recall": 0.7957029079459159}, "48": {"train_loss": 0.14322692260611802, "f1": 0.8125416944629752, "precision": 0.8368669022379269, "recall": 0.7895906649379515}, "49": {"train_loss": 0.13723413308616728, "f1": 0.8139666919000756, "precision": 0.8320758367189012, "recall": 0.796629005371365}}